line_sign_name,line_number,company_name,region_id
1721-10,33434,sambaiba,2
4010-10,2183,express,4
647A-10,1315,kbpx,7
4221-10,325,via sudeste,5
7006-51,1997,transwolff,7
675R-10,109,viacao grajau,6
8000-10,34041,santa brigida,1
6093-10,34353,transwolff,6
2161-10,33462,sambaiba,2
809U-10,2254,gato preto,8
5107-10,1659,via sudeste,5
2009-10,33666,transuniao,3
5145-10,34409,via sudeste,5
7281-10,34102,gato preto,8
9006-10,874,norte buss s.a.,1
1778-10,34557,sambaiba,2
546T-10,272,a2 transportes,6
2029-10,35038,sambaiba,2
707A-10,1990,viacao metropole,7
1720-21,1937,norte buss s.a.,2
2735-10,1921,allibus,4
6840-10,32969,viacao metropole,7
809V-10,2243,transppass,8
507T-10,2208,express,4
2100-10,33481,ambiental transportes urbanos s.a.,4
2755-10,233,viacao metropole,3
2363-10,135,viacao metropole,3
5106-10,1280,mobibrasil,6
4021-10,35316,pessego,4
3002-10,34576,transuniao,3
1178-31,34580,viacao metropole,3
6250-10,33236,transppass,8
8030-10,35330,transcap,8
3756-10,33818,transuniao,3
2702-10,914,transuniao,3
4724-10,2060,allibus,4
677A-10,34007,viacao metropole,7
3161-10,1084,transuniao,5
4008-10,2182,express,4
6816-10,32794,campo belo,7
9501-10,462,santa brigida,1
4706-10,33067,via sudeste,5
7057-10,34665,transwolff,7
6118-10,1188,transwolff,6
372U-10,33784,allibus,4
6960-10,34211,viacao grajau,6
4013-10,34954,express,4
3025-10,961,pessego,4
6815-10,32793,campo belo,7
778J-10,508,transppass,8
4005-10,2179,express,4
6232-10,33251,transppass,8
6078-10,1166,transwolff,6
8001-10,34019,santa brigida,1
971D-10,709,sambaiba,2
8200-10,1263,santa brigida,1
6007-10,32944,viacao metropole,7
118C-10,33287,sambaiba,2
148P-10,534,sambaiba,2
7017-10,2502,transwolff,7
7040-10,33544,alfa rodobus,8
948A-10,1423,santa brigida,1
2012-10,35049,sambaiba,2
2708-10,33689,transuniao,3
312N-10,33758,express,4
6291-10,33126,gatusa,7
1702-10,846,spencer,2
6801-51,1774,campo belo,7
8319-10,33244,gato preto,8
297A-10,2133,sambaiba,2
637P-10,32815,gatusa,7
971C-10,33339,sambaiba,2
4031-10,1101,movebuss,5
6084-10,1169,transwolff,6
1772-10,635,sambaiba,2
695Y-10,1198,viacao grajau,6
6045-10,1222,transwolff,7
2551-10,141,viacao metropole,3
9162-10,1365,gato preto,1
2720-31,1842,allibus,4
1023-10,35327,norte buss s.a.,1
1741-10,33307,sambaiba,2
875C-10,2510,transppass,8
1782-10,643,sambaiba,2
677V-10,112,transwolff,6
5185-10,34076,kbpx,7
6041-10,1218,transwolff,7
8060-10,418,santa brigida,1
6500-10,46,campo belo,7
675N-10,33130,gatusa,7
575C-10,1686,via sudeste,5
2002-10,711,ambiental s.a.,4
407W-10,34972,express,4
4014-10,34955,express,4
273F-10,159,viacao metropole,3
9032-10,880,norte buss s.a.,1
6043-10,1220,transwolff,7
139A-10,2451,norte buss s.a.,1
778J-41,34254,transppass,8
2780-10,33167,viacao metropole,3
3796-10,1074,pessego,4
719P-10,34140,gato preto,8
5123-10,1125,a2 transportes,6
4015-10,2188,express,4
407T-10,34970,transuniao,3
4085-10,34924,upbus s.a.,3
8528-10,33343,santa brigida,1
6835-31,1407,campo belo,7
1758-10,33320,sambaiba,2
978T-10,33657,norte buss s.a.,1
6063-42,2002,transwolff,6
8020-10,1726,transppass,8
476G-10,1111,transuniao,5
6062-51,34507,transwolff,6
2728-10,33711,allibus,4
9005-10,33640,norte buss s.a.,1
2127-10,693,sambaiba,2
637J-10,103,mobibrasil,6
6L10-10,33927,transwolff,6
1036-10,2453,norte buss s.a.,1
3003-10,34565,viacao metropole,3
273J-10,33157,viacao metropole,3
975A-10,589,santa brigida,1
576M-10,33372,mobibrasil,6
2033-10,2499,sambaiba,2
737A-10,1730,viacao metropole,7
9011-21,34536,norte buss s.a.,1
9023-10,34205,norte buss s.a.,1
675L-10,1478,viacao metropole,7
1785-10,34584,norte buss s.a.,2
8000-10,2506,santa brigida,1
1019-10,2495,santa brigida,1
745M-10,33550,transcap,8
5031-10,1746,movebuss,5
8300-10,34032,santa brigida,1
6262-10,34139,transppass,8
1783-10,644,sambaiba,2
2032-10,35034,sambaiba,2
8500-10,1267,santa brigida,1
513L-10,1655,via sudeste,5
695X-10,1441,viacao grajau,6
909T-10,2512,gato preto,8
5020-10,34438,movebuss,5
6455-10,63,campo belo,7
4006-10,34948,express,4
4007-10,34949,express,4
5119-10,32769,campo belo,7
875P-10,1341,gato preto,8
2523-10,33018,viacao metropole,3
502J-10,34043,mobibrasil,6
5127-10,1127,a2 transportes,6
2076-10,33136,viacao metropole,3
917H-10,456,santa brigida,1
2762-10,32912,viacao metropole,3
805L-10,32892,viacao metropole,3
6120-10,33957,transwolff,6
6403-10,58,campo belo,7
908T-10,2116,viacao metropole,3
6074-10,33929,transwolff,6
8548-10,33346,santa brigida,1
8015-10,1345,spencer,1
7052-10,1886,transwolff,7
476G-41,1112,transuniao,5
407F-10,34935,viacao metropole,3
8018-10,2070,transppass,8
4032-10,33870,movebuss,5
2582-10,33142,viacao metropole,3
8600-10,1432,santa brigida,1
8065-10,33189,santa brigida,1
2666-10,33146,viacao metropole,3
3031-10,33735,pessego,4
6726-10,1193,transwolff,6
6412-10,770,transcap,8
2765-10,145,viacao metropole,3
407L-10,2199,express,4
4092-10,34644,pessego,4
4036-10,35329,viacao metropole,3
5652-10,33042,mobibrasil,6
6817-10,32795,campo belo,7
9008-10,875,norte buss s.a.,1
971X-10,34463,sambaiba,2
7049-10,34680,transwolff,7
172N-10,33432,sambaiba,2
271F-10,33451,sambaiba,2
7050-10,1884,kbpx,7
3009-10,35294,transuniao,3
314J-10,310,via sudeste,5
675M-10,108,mobibrasil,6
9701-10,33337,sambaiba,2
3010-10,2543,transuniao,3
546J-31,2015,a2 transportes,6
3459-10,402,viacao metropole,3
3069-10,33752,allibus,4
177H-10,33398,sambaiba,2
6837-10,6,transcap,8
3112-10,33848,movebuss,5
6093-10,1585,transwolff,6
675X-10,32879,viacao grajau,6
2161-10,694,sambaiba,2
2721-10,934,allibus,4
3734-10,1034,allibus,4
6080-10,1168,transwolff,6
3008-10,35283,transuniao,3
4019-10,35292,transuniao,3
2722-10,33703,allibus,4
516N-10,266,mobibrasil,6
7055-10,1888,transwolff,7
2016-10,33670,upbus s.a.,3
178L-10,33328,sambaiba,2
809R-10,2067,transppass,8
4055-10,35215,transuniao,3
8605-10,1917,kbpx,7
8032-10,2545,gato preto,8
6450-10,32827,campo belo,7
2626-10,33144,viacao metropole,3
7411-10,1376,gato preto,8
6042-10,1219,transwolff,7
2105-10,2247,sambaiba,2
971T-10,33386,sambaiba,2
4222-10,33056,via sudeste,5
233A-10,249,viacao metropole,3
3051-10,35214,upbus s.a.,3
6076-41,34754,transwolff,6
5164-10,34051,mobibrasil,6
775F-31,35256,transcap,8
5029-10,34440,via sudeste,5
971A-10,658,sambaiba,2
6418-10,33539,transcap,8
888P-10,33222,santa brigida,1
407K-10,2168,viacao metropole,3
2756-10,33006,viacao metropole,3
271C-10,33450,sambaiba,2
9032-21,34583,norte buss s.a.,1
5010-10,33882,a2 transportes,6
8600-22,34822,santa brigida,1
2020-10,2262,sambaiba,2
6003-21,35344,viacao grajau,6
7181-10,1332,gato preto,8
546A-10,33899,a2 transportes,6
938P-10,888,norte buss s.a.,1
746P-10,788,transcap,8
714C-10,33255,transppass,8
7282-10,33239,gato preto,8
957T-10,464,santa brigida,1
6048-10,32824,campo belo,7
1896-10,2520,santa brigida,1
930P-10,34883,viacao metropole,3
2030-10,35032,sambaiba,2
8027-10,2162,transppass,8
373T-10,33859,movebuss,5
778R-10,509,transppass,8
9015-10,34037,norte buss s.a.,1
5091-10,1523,mobibrasil,6
9500-10,461,santa brigida,1
3735-41,1920,pessego,4
2201-10,33677,transuniao,3
209P-10,35069,sambaiba,2
5370-10,1442,viacao grajau,6
372F-10,33783,pessego,4
4029-10,1099,movebuss,5
1721-10,666,sambaiba,2
6014-10,188,viacao metropole,7
509J-10,33032,mobibrasil,6
574W-10,1629,movebuss,5
7053-21,34663,transwolff,7
2079-10,33138,viacao metropole,3
6824-10,32791,campo belo,7
7267-10,34195,gato preto,8
576M-10,604,mobibrasil,6
407G-10,2196,express,4
7051-10,1885,transwolff,7
6001-10,32820,campo belo,7
172K-10,857,spencer,2
1036-10,35221,norte buss s.a.,1
6034-10,95,transwolff,6
9785-10,828,norte buss s.a.,1
771P-10,33274,transppass,8
3743-10,33811,pessego,4
311C-10,309,via sudeste,5
253F-10,158,viacao metropole,3
2735-21,33282,allibus,4
2712-10,926,allibus,4
4727-10,33108,via sudeste,5
278A-10,33474,sambaiba,2
407N-10,34937,express,4
3763-10,33822,allibus,4
373L-10,1027,pessego,4
5028-10,1634,via sudeste,5
4014-10,2187,express,4
478P-10,33117,via sudeste,5
6099-10,34355,transwolff,6
8100-10,1262,santa brigida,1
1020-10,35265,spencer,1
5300-10,33122,gatusa,7
2780-10,399,viacao metropole,3
5025-10,1564,movebuss,5
407Y-10,2206,express,4
4734-10,33877,movebuss,5
7040-10,776,alfa rodobus,8
8021-10,2073,transppass,8
1730-10,33633,norte buss s.a.,2
6L03-10,34333,transwolff,6
3301-10,1618,viacao metropole,3
5034-10,34431,via sudeste,5
4021-10,2548,pessego,4
2734-10,1760,upbus s.a.,3
6056-10,1147,transwolff,6
6913-10,1465,viacao grajau,6
5362-10,70,viacao grajau,6
3002-10,1808,transuniao,3
1178-31,1812,viacao metropole,3
5632-10,32849,viacao grajau,6
342M-10,33515,ambiental s.a.,4
4717-10,335,via sudeste,5
637V-10,32872,transwolff,6
6803-10,32797,campo belo,7
695V-10,32776,kbpx,7
6038-10,33984,transwolff,7
1705-10,33617,norte buss s.a.,2
3761-10,1051,pessego,4
3739-10,33807,pessego,4
9019-10,1433,norte buss s.a.,1
1780-10,33637,norte buss s.a.,2
407H-10,34965,express,4
4113-10,33536,ambiental transportes urbanos s.a.,4
971R-10,33382,sambaiba,2
9050-10,2088,gato preto,8
9051-10,2089,gato preto,8
5013-10,1117,a2 transportes,6
6012-31,1776,transwolff,7
971R-10,614,sambaiba,2
6806-10,32800,campo belo,7
775A-10,33241,transppass,8
476A-10,304,via sudeste,5
118C-10,519,sambaiba,2
6007-10,176,viacao metropole,7
2175-10,33465,sambaiba,2
8600-10,34200,santa brigida,1
5106-21,1972,mobibrasil,6
848L-10,33576,spencer,1
8043-10,407,santa brigida,1
978J-10,33359,santa brigida,1
118Y-10,33609,norte buss s.a.,2
6291-10,358,gatusa,7
775P-10,33275,transppass,8
809N-10,35012,transppass,8
407L-10,34967,express,4
748A-10,33266,transppass,8
4025-10,1095,movebuss,5
938L-10,34136,gato preto,1
4112-10,33535,ambiental transportes urbanos s.a.,4
8004-10,1254,santa brigida,1
2290-10,33486,ambiental s.a.,4
477U-10,306,via sudeste,5
6414-10,33128,gatusa,7
5020-10,1670,movebuss,5
6062-10,1151,transwolff,6
7062-10,34666,transwolff,7
8707-10,34832,transppass,8
8019-10,2071,transppass,8
5119-10,1,campo belo,7
7022-10,2084,viacao metropole,7
809A-10,2069,transppass,8
2733-10,33716,allibus,4
5185-10,1308,kbpx,7
8072-10,2079,transcap,8
5752-10,1287,a2 transportes,6
8002-10,1252,santa brigida,1
6804-10,32798,campo belo,7
2716-10,33697,allibus,4
6039-21,35261,transwolff,7
6200-10,355,gatusa,7
8705-10,2072,transppass,8
1775-10,33406,norte buss s.a.,2
2435-10,32978,viacao metropole,3
8013-10,800,norte buss s.a.,1
3053-10,33741,allibus,4
574C-10,34407,transuniao,5
5012-10,1116,a2 transportes,6
8300-10,35275,santa brigida,1
273X-10,33160,viacao metropole,3
4312-10,34940,viacao metropole,3
746R-10,33558,transcap,8
4742-10,33110,via sudeste,5
314V-10,311,via sudeste,5
709M-10,35230,gatusa,7
271F-10,683,sambaiba,2
3004-10,34566,viacao metropole,3
675K-10,32966,viacao metropole,7
6075-10,1162,transwolff,6
6058-10,1149,transwolff,6
2011-10,2136,sambaiba,2
3721-10,1019,pessego,4
958P-10,33233,santa brigida,1
847P-42,34192,santa brigida,1
6063-41,1773,transwolff,6
6823-10,32802,campo belo,7
177H-10,630,sambaiba,2
8047-10,408,santa brigida,1
2013-10,33667,spencer,2
273G-10,32991,viacao metropole,3
4315-10,34943,viacao metropole,3
172X-10,861,norte buss s.a.,2
575A-10,34406,transuniao,5
2714-10,927,allibus,4
6010-10,33970,transwolff,7
172P-10,858,norte buss s.a.,2
2709-10,33690,allibus,4
695T-10,34090,kbpx,7
6835-31,34175,campo belo,7
1896-10,35288,santa brigida,1
2016-10,902,upbus s.a.,3
178L-10,560,sambaiba,2
2709-10,922,allibus,4
857C-10,34669,kbpx,7
2730-10,33713,upbus s.a.,3
6L11-10,33935,transwolff,6
178Y-10,868,norte buss s.a.,2
4006-10,2180,express,4
2626-10,376,viacao metropole,3
3903-10,1471,viacao metropole,3
1021-10,33601,norte buss s.a.,1
3745-10,33812,allibus,4
208M-10,35246,sambaiba,2
7458-10,33264,transppass,8
4288-10,33058,via sudeste,5
8545-10,1364,gato preto,1
6076-41,1986,transwolff,6
6120-10,1189,transwolff,6
5164-10,1283,mobibrasil,6
6035-10,33981,transwolff,7
2767-10,33009,viacao metropole,3
4288-10,290,via sudeste,5
5791-10,607,mobibrasil,6
6418-10,771,transcap,8
390E-10,1882,viacao metropole,3
888P-10,454,santa brigida,1
6805-10,32799,campo belo,7
407F-10,2167,viacao metropole,3
6826-10,32784,campo belo,7
4729-10,1108,movebuss,5
6813-10,32801,campo belo,7
374V-10,34415,allibus,4
2712-10,33694,allibus,4
714C-10,487,transppass,8
2709-31,923,allibus,4
756A-10,33561,transcap,8
4012-10,2185,express,4
513C-31,2536,transuniao,5
7049-10,1912,transwolff,7
373T-10,1091,movebuss,5
1773-10,33405,sambaiba,2
5015-10,1119,a2 transportes,6
407A-10,2194,express,4
847J-10,34110,santa brigida,1
5362-10,32838,viacao grajau,6
3001-10,34418,viacao metropole,3
675G-10,106,viacao grajau,6
407R-10,2201,express,4
8538-10,34127,gato preto,1
7725-10,33240,transppass,8
3731-10,33796,allibus,4
6001-10,52,campo belo,7
874T-10,307,via sudeste,5
8015-21,34797,spencer,1
2552-10,142,viacao metropole,3
3023-10,960,allibus,4
7011-10,1952,transwolff,7
4003-10,34927,express,4
8215-10,33342,santa brigida,1
8077-10,34818,transppass,8
179X-10,33448,spencer,2
5024-31,33891,a2 transportes,6
4056-10,35005,transuniao,3
2722-10,935,allibus,4
8677-10,443,santa brigida,1
9011-10,33646,norte buss s.a.,1
4055-10,2447,transuniao,3
1177-10,32897,viacao metropole,3
2014-10,33668,spencer,2
6115-41,2241,transwolff,6
3160-10,32893,ambiental transportes urbanos s.a.,4
573T-31,35016,movebuss,5
677A-10,1239,viacao metropole,7
677Y-10,1240,transwolff,7
1020-10,2497,spencer,1
8055-51,33185,santa brigida,1
8040-10,33174,santa brigida,1
9047-10,33651,norte buss s.a.,1
3051-10,2446,upbus s.a.,3
6L03-10,1565,transwolff,6
637G-51,32870,viacao grajau,6
6083-10,1733,transwolff,6
372U-10,1016,allibus,4
4708-10,332,via sudeste,5
5010-10,1114,a2 transportes,6
1738-10,672,norte buss s.a.,2
8001-10,1251,santa brigida,1
8622-10,33206,santa brigida,1
607C-10,1977,mobibrasil,6
3902-10,34238,viacao metropole,3
178A-10,558,sambaiba,2
5362-23,34628,viacao grajau,6
6803-10,29,campo belo,7
695V-10,8,kbpx,7
707A-10,34758,viacao metropole,7
213E-10,35266,sambaiba,2
809H-10,35013,transppass,8
5759-31,33907,a2 transportes,6
807J-10,2058,transcap,8
573T-10,34400,movebuss,5
2012-10,2281,sambaiba,2
7245-10,363,gatusa,7
7005-10,1998,transwolff,7
809H-10,2245,transppass,8
8002-10,34020,santa brigida,1
3046-10,33739,allibus,4
546A-31,33900,a2 transportes,6
9188-10,33577,norte buss s.a.,1
6016-10,32852,transwolff,6
2710-10,33692,allibus,4
8078-10,2080,transcap,8
9166-10,33475,sambaiba,2
5025-10,34332,movebuss,5
4735-10,33878,movebuss,5
748R-10,33269,transppass,8
9009-10,33645,norte buss s.a.,1
6118-10,33956,transwolff,6
6053-10,1145,transwolff,6
1787-10,33418,norte buss s.a.,2
2740-10,1792,sambaiba,2
4051-10,34912,transuniao,3
9009-10,877,norte buss s.a.,1
4004-10,34946,express,4
475R-10,344,via sudeste,5
5630-10,32846,viacao grajau,6
6L07-10,34313,transwolff,6
701A-10,689,sambaiba,2
546J-10,33901,a2 transportes,6
3414-10,33514,ambiental transportes urbanos s.a.,4
9789-10,33597,norte buss s.a.,1
3737-31,34122,allibus,4
8594-10,33200,santa brigida,1
477P-10,33116,via sudeste,5
971M-10,33380,sambaiba,2
3743-10,1043,pessego,4
6801-51,34542,campo belo,7
5614-10,34283,mobibrasil,6
5036-10,1666,via sudeste,5
6116-10,33954,transwolff,6
175T-10,623,sambaiba,2
7062-41,35039,transwolff,7
4727-10,340,via sudeste,5
856R-10,1428,gato preto,8
278A-10,706,sambaiba,2
407N-10,2169,express,4
5109-10,34619,via sudeste,5
5033-10,1665,via sudeste,5
8014-10,33569,norte buss s.a.,1
1017-10,34909,spencer,1
746K-10,787,transcap,8
6050-10,33993,transwolff,6
8194-10,805,norte buss s.a.,1
701H-10,35326,transwolff,7
119L-10,35041,norte buss s.a.,1
5370-10,34210,viacao grajau,6
1772-10,33403,sambaiba,2
6816-31,34516,campo belo,7
8055-10,33182,santa brigida,1
2435-10,210,viacao metropole,3
172P-10,33626,norte buss s.a.,2
3029-10,966,allibus,4
1206-10,33610,spencer,2
3462-10,247,viacao metropole,3
3099-10,33847,movebuss,5
5129-10,1281,mobibrasil,6
669A-10,32772,kbpx,7
6044-10,33989,transwolff,7
8010-21,1737,norte buss s.a.,1
3053-10,973,allibus,4
677V-10,32880,transwolff,6
2025-10,35035,sambaiba,2
5129-41,34742,mobibrasil,6
1026-10,2306,spencer,1
508L-10,117,viacao metropole,3
2766-10,33173,viacao metropole,3
8019-31,2574,transppass,8
211V-10,32922,viacao metropole,3
7005-51,34767,transwolff,7
3746-10,33051,via sudeste,5
7272-10,34101,gato preto,8
3019-10,33725,pessego,4
4053-10,34914,transuniao,3
3390-10,738,via sudeste,5
9354-10,708,sambaiba,2
5757-51,1976,a2 transportes,6
7181-10,34100,gato preto,8
6L01-10,33939,transwolff,6
6823-10,34,campo belo,7
607M-10,34804,viacao grajau,6
3796-10,33842,pessego,4
8023-10,34842,transppass,8
2031-10,33135,viacao metropole,3
273N-10,390,viacao metropole,3
3725-10,33790,allibus,4
6063-21,34769,transwolff,6
8542-21,34129,gato preto,1
6022-10,33975,transwolff,7
6037-10,33983,transwolff,7
2175-10,697,sambaiba,2
809P-10,1891,campo belo,7
848L-10,808,spencer,1
1156-10,659,sambaiba,2
6110-10,33952,transwolff,6
6047-10,33992,transwolff,7
3134-10,993,allibus,4
4007-10,2181,express,4
119C-10,33429,sambaiba,2
274P-10,232,viacao metropole,3
1764-10,33393,sambaiba,2
3766-10,33823,pessego,4
2033-10,35267,sambaiba,2
3728-41,34756,pessego,4
875C-10,33246,transppass,8
6414-10,360,gatusa,7
627J-10,34824,a2 transportes,6
6057-10,1148,transwolff,6
8707-10,2064,transppass,8
6451-10,61,campo belo,7
5031-10,34514,movebuss,5
5013-31,35004,a2 transportes,6
6008-10,1200,transwolff,7
476A-10,33072,via sudeste,5
2772-10,398,viacao metropole,3
2723-10,33705,allibus,4
4008-21,2527,express,4
6804-10,30,campo belo,7
648P-10,66,campo belo,7
527R-10,271,a2 transportes,6
605A-10,35290,mobibrasil,6
746V-10,792,transcap,8
4114-10,321,via sudeste,5
1726-10,1403,sambaiba,2
809U-21,35075,gato preto,8
6028-10,33979,transwolff,7
3729-10,33794,allibus,4
408A-10,766,ambiental transportes urbanos s.a.,4
8006-10,34024,santa brigida,1
938C-10,586,santa brigida,1
5108-10,1675,via sudeste,5
4001-10,34944,viacao metropole,3
971X-10,1695,sambaiba,2
342N-10,1003,pessego,4
7011-31,34722,transwolff,7
2007-10,33664,transuniao,3
5028-10,34402,via sudeste,5
7006-10,34763,transwolff,7
3206-10,2112,viacao metropole,3
8075-10,34812,transppass,8
374V-10,1647,allibus,4
4052-10,34913,transuniao,3
4709-10,33101,via sudeste,5
2707-10,919,transuniao,3
857R-10,1892,transppass,8
1757-10,33316,sambaiba,2
509M-10,1277,mobibrasil,6
2026-10,2269,sambaiba,2
3063-10,253,viacao metropole,3
5141-10,34393,via sudeste,5
675R-10,32877,viacao grajau,6
3027-10,33731,pessego,4
8018-10,34838,transppass,8
2678-10,383,viacao metropole,3
819A-10,33571,norte buss s.a.,1
271P-10,33472,sambaiba,2
4020-10,35298,pessego,4
6422-10,33129,gatusa,7
2719-10,932,allibus,4
3712-10,33777,pessego,4
2522-10,140,viacao metropole,3
7053-10,34655,transwolff,7
2123-10,33460,sambaiba,2
5024-10,33890,a2 transportes,6
2765-10,32913,viacao metropole,3
6035-21,34563,transwolff,7
609F-10,37,campo belo,7
6092-10,33945,transwolff,6
4311-10,2171,viacao metropole,3
6825-10,32782,campo belo,7
271M-10,684,sambaiba,2
6030-10,1142,transwolff,6
1016-10,33599,norte buss s.a.,2
3741-10,33809,pessego,4
524M-10,1631,movebuss,5
179X-10,680,spencer,2
2705-10,917,transuniao,3
775F-10,33564,transcap,8
4718-10,33104,via sudeste,5
5105-10,34419,via sudeste,5
9011-10,878,norte buss s.a.,1
3459-10,33170,viacao metropole,3
8025-10,34844,alfa rodobus,8
809T-10,35014,transppass,8
1756-10,33315,sambaiba,2
775F-31,2488,transcap,8
4111-10,33088,via sudeste,5
574R-10,34391,transuniao,5
3737-10,33805,allibus,4
3762-10,1053,allibus,4
3712-51,2505,pessego,4
4706-10,299,via sudeste,5
3901-10,1469,viacao metropole,3
3734-10,33802,allibus,4
6061-10,1150,transwolff,6
6080-10,33936,transwolff,6
5611-10,33366,mobibrasil,6
7001-10,1722,viacao metropole,7
6035-10,1213,transwolff,7
8199-10,33575,norte buss s.a.,1
172X-10,33629,norte buss s.a.,2
7054-10,41,transwolff,7
3795-10,33841,transuniao,3
2731-10,33714,upbus s.a.,3
407M-10,318,via sudeste,5
8029-10,2540,transcap,8
1759-10,553,sambaiba,2
407E-10,34983,express,4
8252-10,34016,transppass,8
477A-10,33114,via sudeste,5
263C-10,252,viacao metropole,3
4721-10,33105,via sudeste,5
9020-10,1434,norte buss s.a.,1
5759-31,1139,a2 transportes,6
3745-10,1044,allibus,4
5018-10,34260,a2 transportes,6
5034-31,1664,via sudeste,5
756A-10,793,transcap,8
7013-10,33543,transcap,8
2058-10,33027,viacao metropole,3
407W-10,2204,express,4
3722-10,33788,pessego,4
6016-10,84,transwolff,6
6836-10,32781,campo belo,7
3736-10,1036,pessego,4
4035-10,35328,viacao metropole,3
5022-10,33888,a2 transportes,6
189L-10,35218,santa brigida,1
971R-21,33383,sambaiba,2
2059-10,33028,viacao metropole,3
4016-10,34957,express,4
8700-10,1877,transppass,8
3015-10,2454,viacao metropole,3
5702-10,33905,a2 transportes,6
5194-10,33037,mobibrasil,6
675N-10,362,gatusa,7
8013-41,34779,norte buss s.a.,1
1782-10,33411,sambaiba,2
1034-10,35220,norte buss s.a.,1
2728-10,943,allibus,4
746C-10,33551,alfa rodobus,8
1720-10,33631,norte buss s.a.,2
4017-10,34958,express,4
778R-10,33277,transppass,8
3737-31,1354,allibus,4
6052-31,34600,transwolff,6
971M-10,612,sambaiba,2
6116-10,1186,transwolff,6
6820-31,34174,campo belo,7
3026-10,962,transuniao,3
1703-10,33615,sambaiba,2
4734-10,1109,movebuss,5
4085-10,2156,upbus s.a.,3
5109-10,1851,via sudeste,5
1758-10,552,sambaiba,2
2014-10,900,spencer,2
3021-10,33044,via sudeste,5
8014-10,801,norte buss s.a.,1
4732-10,33070,via sudeste,5
7051-10,34653,transwolff,7
3024-10,33045,via sudeste,5
8026-10,34851,alfa rodobus,8
709G-10,34788,gatusa,7
4011-10,34952,express,4
6063-42,34770,transwolff,6
6036-10,33982,transwolff,7
175P-10,33443,sambaiba,2
N241-11,35098,norte buss s.a.,2
6034-10,32863,transwolff,6
9785-10,33596,norte buss s.a.,1
8055-51,417,santa brigida,1
3735-10,33803,pessego,4
9047-10,883,norte buss s.a.,1
5164-21,34384,mobibrasil,6
4027-10,33865,movebuss,5
574A-10,602,mobibrasil,6
273F-10,32927,viacao metropole,3
5011-10,1115,a2 transportes,6
2060-10,32902,viacao metropole,3
6044-10,1221,transwolff,7
6L08-10,33950,transwolff,6
6400-10,32825,campo belo,7
2590-10,912,transuniao,5
1018-10,832,norte buss s.a.,2
3020-10,958,pessego,4
6200-10,33123,gatusa,7
211V-10,154,viacao metropole,3
6015-10,33973,transwolff,7
1744-10,544,sambaiba,2
6451-10,32829,campo belo,7
4491-10,33095,via sudeste,5
6052-10,33912,transwolff,6
9784-10,827,spencer,1
809J-10,2066,transppass,8
4726-10,34448,movebuss,5
4491-10,327,via sudeste,5
745M-21,34752,transcap,8
2031-10,367,viacao metropole,3
8009-31,34028,santa brigida,1
546A-31,1132,a2 transportes,6
8542-21,1361,gato preto,1
745M-21,1984,transcap,8
8073-10,34849,transcap,8
6037-10,1215,transwolff,7
2770-10,243,viacao metropole,3
9002-10,870,norte buss s.a.,2
9717-10,817,norte buss s.a.,1
6110-10,1184,transwolff,6
5110-10,34977,via sudeste,5
5701-10,33904,a2 transportes,6
6047-10,1224,transwolff,7
748R-10,501,transppass,8
3139-10,995,ambiental transportes urbanos s.a.,4
352A-10,32932,viacao metropole,3
3027-10,963,pessego,4
502J-10,1275,mobibrasil,6
5021-10,1667,via sudeste,5
2762-10,144,viacao metropole,3
2203-10,33679,upbus s.a.,3
8548-10,578,santa brigida,1
909T-10,35024,gato preto,8
3032-10,33488,ambiental transportes urbanos s.a.,4
7053-22,34664,transwolff,7
3766-10,1055,pessego,4
8050-31,415,santa brigida,1
809D-10,34836,transppass,8
7016-10,2118,viacao metropole,7
172Y-10,33630,norte buss s.a.,2
4002-10,34945,viacao metropole,3
7059-10,1924,campo belo,7
3742-10,1042,pessego,4
177Y-10,33635,sambaiba,2
2028-10,35031,sambaiba,2
5106-21,34740,mobibrasil,6
8594-10,432,santa brigida,1
2726-10,33708,upbus s.a.,3
5111-10,32816,campo belo,7
414P-10,33873,movebuss,5
1720-21,34705,norte buss s.a.,2
172U-10,860,spencer,2
5013-31,2236,a2 transportes,6
8050-10,412,santa brigida,1
6091-10,33943,viacao grajau,6
2723-10,937,allibus,4
4092-10,1876,pessego,4
605A-10,2522,mobibrasil,6
4115-10,33090,via sudeste,5
4311-10,34939,viacao metropole,3
4721-10,337,via sudeste,5
3768-10,33824,transuniao,3
374M-10,34733,viacao metropole,3
128Y-10,33611,norte buss s.a.,2
809U-21,2307,gato preto,8
4036-10,2561,viacao metropole,3
8004-10,34022,santa brigida,1
5317-10,69,viacao grajau,6
5652-10,274,mobibrasil,6
8055-10,414,santa brigida,1
4001-10,2176,viacao metropole,3
2002-10,33479,ambiental transportes urbanos s.a.,4
9789-10,829,norte buss s.a.,1
8008-10,34026,santa brigida,1
7050-10,34652,kbpx,7
8686-10,33214,santa brigida,1
1206-10,842,spencer,2
8075-10,2044,transppass,8
5129-41,1974,mobibrasil,6
3069-10,984,allibus,4
2766-10,405,viacao metropole,3
2080-10,33139,viacao metropole,3
2722-31,33704,allibus,4
2008-10,33665,transuniao,3
675X-10,111,viacao grajau,6
519M-10,34979,via sudeste,5
2710-31,1654,allibus,4
819A-10,803,norte buss s.a.,1
6063-10,33920,transwolff,6
2727-10,33710,allibus,4
702C-10,33253,transppass,8
6L01-10,1171,transwolff,6
1778-10,1789,sambaiba,2
407J-10,2198,express,4
1012-10,35254,norte buss s.a.,1
403A-10,2192,express,4
6069-10,33922,transwolff,6
6840-10,201,viacao metropole,7
3725-10,1022,allibus,4
6017-10,1206,transwolff,7
7023-10,34920,viacao metropole,7
2725-10,33707,allibus,4
647A-10,34083,kbpx,7
516N-10,33034,mobibrasil,6
208V-10,32975,viacao metropole,3
4028-10,1098,movebuss,5
4012-10,34953,express,4
809R-10,34835,transppass,8
6L11-10,1167,transwolff,6
6250-10,468,transppass,8
351F-10,687,sambaiba,2
3756-10,1050,transuniao,3
7411-10,34144,gato preto,8
2011-10,34904,sambaiba,2
3721-10,33787,pessego,4
2704-10,33684,transuniao,3
6042-10,33987,transwolff,7
4222-10,288,via sudeste,5
5022-10,1120,a2 transportes,6
6063-41,34541,transwolff,6
2583-10,33143,viacao metropole,3
5105-10,1651,via sudeste,5
736I-10,781,alfa rodobus,8
364A-10,34014,movebuss,5
3728-41,1988,pessego,4
8025-10,2076,alfa rodobus,8
6815-10,25,campo belo,7
3161-10,33852,transuniao,5
6013-10,32954,viacao metropole,7
701A-10,33457,sambaiba,2
271A-10,33470,sambaiba,2
5318-10,32813,campo belo,7
3023-10,33728,allibus,4
106A-10,33284,sambaiba,2
5154-10,33121,gatusa,7
1015-10,2230,norte buss s.a.,1
5318-10,45,campo belo,7
702U-10,34098,gato preto,8
573A-10,1637,transuniao,5
2363-10,32903,viacao metropole,3
2105-10,35015,sambaiba,2
8199-10,807,norte buss s.a.,1
121G-10,691,norte buss s.a.,2
3795-10,1073,transuniao,3
930P-10,2115,viacao metropole,3
6031-10,32860,transwolff,6
2030-10,2264,sambaiba,2
3064-41,1933,transuniao,3
8009-10,34027,santa brigida,1
957T-10,33232,santa brigida,1
807M-10,1916,transcap,8
9015-10,1269,norte buss s.a.,1
407P-10,2200,express,4
6049-10,1309,kbpx,7
8017-10,1261,norte buss s.a.,1
4052-10,2145,transuniao,3
273L-10,32992,viacao metropole,3
2021-10,906,transuniao,3
7013-10,775,transcap,8
6824-10,23,campo belo,7
7004-10,34760,viacao metropole,7
6057-10,33916,transwolff,6
9004-10,33639,norte buss s.a.,1
6078-10,33934,transwolff,6
5131-10,34050,mobibrasil,6
6045-10,33990,transwolff,7
8538-10,1359,gato preto,1
7725-10,472,transppass,8
9014-10,1425,gato preto,1
6836-10,13,campo belo,7
6L04-10,33948,transwolff,6
271P-10,704,sambaiba,2
6422-10,361,gatusa,7
5011-10,33883,a2 transportes,6
4003-10,2159,express,4
6045-21,34932,transwolff,7
4286-10,33094,via sudeste,5
2735-21,514,allibus,4
2202-10,33678,transuniao,3
875H-10,1340,gato preto,8
4056-10,2237,transuniao,3
4313-10,34941,viacao metropole,3
4029-10,33867,movebuss,5
107T-10,621,sambaiba,2
5108-10,34443,via sudeste,5
9012-10,1268,santa brigida,1
6039-10,33985,transwolff,7
709P-10,34761,gatusa,7
3741-10,1041,pessego,4
675A-10,1318,kbpx,7
2707-10,33687,transuniao,3
775F-10,796,transcap,8
2023-10,2260,sambaiba,2
407R-10,34969,express,4
3021-10,276,via sudeste,5
4033-10,1103,movebuss,5
3141-10,33502,via sudeste,5
917M-10,34134,gato preto,1
2101-41,715,ambiental transportes urbanos s.a.,4
9023-10,1437,norte buss s.a.,1
1705-10,849,norte buss s.a.,2
3739-10,1039,pessego,4
5611-10,598,mobibrasil,6
5362-23,1860,viacao grajau,6
857A-10,1925,kbpx,7
8016-10,1346,spencer,1
354M-10,1619,viacao metropole,3
3725-41,34299,allibus,4
4027-10,1097,movebuss,5
8100-10,34030,santa brigida,1
209P-10,2216,sambaiba,2
272N-10,33473,sambaiba,2
407I-10,2222,express,4
263J-10,219,viacao metropole,3
118Y-10,841,norte buss s.a.,2
407E-10,2215,express,4
477A-10,346,via sudeste,5
8028-10,35300,transcap,8
8047-41,33178,santa brigida,1
637J-10,32871,mobibrasil,6
7060-10,1889,campo belo,7
1178-10,32900,viacao metropole,3
3761-10,33819,pessego,4
2711-10,925,allibus,4
4726-10,1680,movebuss,5
6072-10,1588,transwolff,6
778J-10,33276,transppass,8
4725-10,338,via sudeste,5
6083-10,34501,transwolff,6
4112-10,767,ambiental transportes urbanos s.a.,4
715M-10,33258,transppass,8
1743-10,33311,sambaiba,2
148P-10,33302,sambaiba,2
1732-10,671,sambaiba,2
4035-10,2560,viacao metropole,3
607C-10,34745,mobibrasil,6
6074-10,1161,transwolff,6
8038-10,33565,alfa rodobus,8
7021-10,1989,viacao metropole,7
7062-10,1898,transwolff,7
8000-10,1273,santa brigida,1
1702-10,33614,spencer,2
4032-10,1102,movebuss,5
199D-10,2135,santa brigida,1
647P-10,1316,kbpx,7
2716-10,929,allibus,4
2182-10,33468,sambaiba,2
1034-10,2452,norte buss s.a.,1
3754-10,1049,transuniao,3
746C-10,783,alfa rodobus,8
909T-10,35280,gato preto,8
2018-10,904,upbus s.a.,3
6021-10,177,transwolff,6
1760-10,557,sambaiba,2
3789-10,33835,pessego,4
8544-10,430,santa brigida,1
177Y-10,867,sambaiba,2
3686-10,32934,viacao metropole,3
1775-10,638,norte buss s.a.,2
6030-10,33910,transwolff,6
6817-10,27,campo belo,7
5035-10,34436,movebuss,5
178T-10,33333,sambaiba,2
2005-10,33661,transuniao,3
6820-31,1406,campo belo,7
1703-10,847,sambaiba,2
6000-10,1140,mobibrasil,6
2705-10,33685,transuniao,3
746R-10,790,transcap,8
574C-10,1639,transuniao,5
7052-10,34654,transwolff,7
2100-10,713,ambiental transportes urbanos s.a.,4
8026-10,2083,alfa rodobus,8
4312-10,2172,viacao metropole,3
475R-10,33112,via sudeste,5
695H-10,33964,viacao grajau,6
6036-10,1214,transwolff,7
6059-10,33994,transwolff,7
351F-10,33455,sambaiba,2
4027-41,35077,movebuss,5
877T-10,1381,gato preto,8
4024-10,34926,express,4
8030-10,2562,transcap,8
748A-41,499,transppass,8
9181-10,33653,norte buss s.a.,1
5036-10,34434,via sudeste,5
7002-10,33540,alfa rodobus,8
3008-10,2515,transuniao,3
8023-10,2074,transppass,8
6262-10,1371,transppass,8
6400-10,57,campo belo,7
6051-31,34374,transwolff,6
6820-10,32787,campo belo,7
2006-10,33663,transuniao,3
1745-10,33314,sambaiba,2
8194-10,33573,norte buss s.a.,1
2703-10,33683,transuniao,3
3728-10,33793,pessego,4
575A-10,1638,transuniao,5
8007-10,34025,santa brigida,1
3054-10,975,pessego,4
4314-10,2174,viacao metropole,3
7023-10,2152,viacao metropole,7
6046-10,33991,transwolff,7
6003-10,34240,viacao grajau,6
7063-10,34667,transwolff,7
7903-10,33280,transppass,8
4093-10,2448,upbus s.a.,3
524L-10,34483,movebuss,5
5029-10,1672,via sudeste,5
807P-10,34867,transcap,8
148L-10,531,sambaiba,2
6801-10,5,campo belo,7
2756-10,238,viacao metropole,3
271C-10,682,sambaiba,2
208M-10,2478,sambaiba,2
938V-10,813,norte buss s.a.,1
7458-10,496,transppass,8
6003-21,2576,viacao grajau,6
6L04-10,1180,transwolff,6
2583-10,375,viacao metropole,3
5026-10,34403,via sudeste,5
2088-10,33140,viacao metropole,3
4210-10,34938,viacao metropole,3
695D-10,32882,transwolff,6
736G-10,33548,alfa rodobus,8
2009-10,898,transuniao,3
1742-10,33310,sambaiba,2
1709-10,33619,norte buss s.a.,2
3718-10,33781,pessego,4
7281-10,1334,gato preto,8
2028-10,2263,sambaiba,2
271A-10,702,sambaiba,2
5142-10,34394,via sudeste,5
875P-10,34109,gato preto,8
917H-10,33224,santa brigida,1
9002-10,33638,norte buss s.a.,2
274P-10,33000,viacao metropole,3
7006-10,1995,transwolff,7
5144-10,34395,via sudeste,5
3787-10,34380,pessego,4
8010-10,798,norte buss s.a.,1
209P-10,2301,sambaiba,2
372F-10,1015,pessego,4
233C-10,32923,viacao metropole,3
778J-41,1486,transppass,8
7006-51,34765,transwolff,7
407K-10,34936,viacao metropole,3
509J-10,264,mobibrasil,6
9018-10,1271,norte buss s.a.,1
675A-10,34086,kbpx,7
5141-10,1625,via sudeste,5
9500-10,33229,santa brigida,1
3721-41,34461,pessego,4
3901-10,34237,viacao metropole,3
407A-10,34962,express,4
6071-10,33924,transwolff,6
6412-10,33538,transcap,8
719R-10,469,transppass,8
7004-10,1992,viacao metropole,7
9004-10,871,norte buss s.a.,1
5100-10,34138,gato preto,8
1726-10,34171,sambaiba,2
6006-10,32943,viacao metropole,7
8215-10,574,santa brigida,1
8077-10,2050,transppass,8
342N-10,33771,pessego,4
507T-10,34976,express,4
675M-10,32876,mobibrasil,6
6835-10,12,campo belo,7
263J-10,32987,viacao metropole,3
2725-10,939,allibus,4
2202-10,910,transuniao,3
746H-10,33553,alfa rodobus,8
1730-10,865,norte buss s.a.,2
8300-10,1264,santa brigida,1
407G-10,34964,express,4
809T-10,2246,transppass,8
971C-10,571,sambaiba,2
709P-10,1993,gatusa,7
3751-10,33815,pessego,4
3064-10,33748,transuniao,3
2678-10,33151,viacao metropole,3
2704-10,916,transuniao,3
9501-10,33230,santa brigida,1
4030-10,1100,movebuss,5
817C-10,34105,gato preto,8
407Y-10,34974,express,4
677Y-10,34008,transwolff,7
875A-10,33377,mobibrasil,6
546A-10,1131,a2 transportes,6
8700-10,34645,transppass,8
3025-10,33729,pessego,4
407H-10,2197,express,4
4113-10,768,ambiental transportes urbanos s.a.,4
253F-10,32926,viacao metropole,3
875A-10,609,mobibrasil,6
8022-10,2085,gato preto,8
609F-10,32805,campo belo,7
6258-10,34000,transwolff,7
2523-10,250,viacao metropole,3
4708-10,33100,via sudeste,5
574J-10,1685,via sudeste,5
971D-10,33477,sambaiba,2
2182-10,700,sambaiba,2
917M-10,1366,gato preto,1
403A-10,34960,express,4
6806-10,32,campo belo,7
5757-10,34056,a2 transportes,6
213E-10,2498,sambaiba,2
5154-10,353,gatusa,7
5032-10,34430,movebuss,5
5018-31,34629,a2 transportes,6
3046-10,971,allibus,4
573T-10,1632,movebuss,5
3725-41,1531,allibus,4
702U-10,1330,gato preto,8
7005-10,34766,transwolff,7
719P-10,1372,gato preto,8
2710-10,924,allibus,4
6821-10,32789,campo belo,7
2020-10,35030,sambaiba,2
938L-10,1368,gato preto,1
407T-10,2202,transuniao,3
3712-51,35273,pessego,4
8610-10,34831,transppass,8
8528-10,575,santa brigida,1
695H-10,1196,viacao grajau,6
9005-10,872,norte buss s.a.,1
1787-10,650,norte buss s.a.,2
172N-10,664,sambaiba,2
6L10-41,34773,transwolff,6
514T-10,34439,movebuss,5
6026-10,32855,transwolff,6
5131-10,1282,mobibrasil,6
7054-10,32809,transwolff,7
6L05-10,33941,transwolff,6
575C-10,34454,via sudeste,5
6073-10,33928,transwolff,6
5164-41,34385,mobibrasil,6
637R-10,196,viacao metropole,7
6016-41,1706,transwolff,6
273R-10,32994,viacao metropole,3
263C-10,33020,viacao metropole,3
6020-10,2455,transwolff,6
121G-10,33459,norte buss s.a.,2
4286-10,326,via sudeste,5
4025-10,33863,movebuss,5
2004-10,33660,transuniao,3
2717-10,33698,allibus,4
1017-10,2141,spencer,1
9191-10,33578,norte buss s.a.,1
119L-10,2273,norte buss s.a.,1
8020-10,34494,transppass,8
476G-10,33879,transuniao,5
3098-10,33846,movebuss,5
2025-10,2267,sambaiba,2
1771-10,33402,sambaiba,2
5035-10,1668,movebuss,5
175P-10,675,sambaiba,2
3029-10,33734,allibus,4
6002-10,1979,transwolff,6
1780-10,869,norte buss s.a.,2
7005-51,1999,transwolff,7
7272-10,1333,gato preto,8
6076-10,1165,transwolff,6
737A-10,34498,viacao metropole,7
508L-10,32885,viacao metropole,3
2076-10,368,viacao metropole,3
675L-10,34246,viacao metropole,7
273V-10,231,viacao metropole,3
107T-10,33389,sambaiba,2
2010-10,34872,sambaiba,2
1783-10,33412,sambaiba,2
408A-10,33534,ambiental s.a.,4
425E-10,34404,via sudeste,5
8062-10,420,santa brigida,1
8549-10,33348,santa brigida,1
6820-10,19,campo belo,7
8028-10,2532,transcap,8
8047-41,410,santa brigida,1
1745-10,546,sambaiba,2
3539-10,33516,express,4
2730-10,945,upbus s.a.,3
1156-10,33427,sambaiba,2
967A-10,568,sambaiba,2
1178-10,132,viacao metropole,3
6058-10,33917,transwolff,6
5705-10,34425,via sudeste,5
3134-10,33761,allibus,4
574A-10,33370,mobibrasil,6
1764-10,625,sambaiba,2
2720-10,33701,allibus,4
1025-10,35071,spencer,1
3778-10,33830,allibus,4
8047-10,33176,santa brigida,1
875C-10,478,transppass,8
354M-10,34387,viacao metropole,3
2666-10,378,viacao metropole,3
1786-10,33417,norte buss s.a.,2
577T-10,34059,mobibrasil,6
1744-10,33312,sambaiba,2
8043-10,33175,santa brigida,1
809P-10,34659,campo belo,7
8545-10,34132,gato preto,1
719R-10,33237,transppass,8
809J-10,34834,transppass,8
9653-10,588,santa brigida,1
736G-10,780,alfa rodobus,8
8006-10,1256,santa brigida,1
3686-10,166,viacao metropole,3
6063-43,2480,transwolff,6
8300-10,2507,santa brigida,1
178T-10,565,sambaiba,2
675I-10,32836,campo belo,7
701U-10,657,sambaiba,2
5391-10,171,viacao metropole,7
1773-10,637,sambaiba,2
971R-42,616,sambaiba,2
5021-10,34435,via sudeste,5
1757-10,548,sambaiba,2
809U-10,35022,gato preto,8
7545-10,33272,transppass,8
6008-10,33968,transwolff,7
3001-10,1650,viacao metropole,3
5030-10,34437,via sudeste,5
4027-41,2309,movebuss,5
5175-10,33361,mobibrasil,6
3721-41,1693,pessego,4
2724-10,33706,allibus,4
1788-10,33421,sambaiba,2
172J-10,856,norte buss s.a.,2
9006-10,33642,norte buss s.a.,1
3712-10,1009,pessego,4
9181-10,885,norte buss s.a.,1
546T-10,33040,a2 transportes,6
1012-10,2486,norte buss s.a.,1
7055-10,34656,transwolff,7
574J-10,34453,via sudeste,5
307C-10,2114,viacao metropole,3
695T-10,1322,kbpx,7
809V-10,35011,transppass,8
6232-10,483,transppass,8
2755-10,33001,viacao metropole,3
1016-10,831,norte buss s.a.,2
1701-21,35244,norte buss s.a.,2
6048-10,56,campo belo,7
211L-10,2265,sambaiba,2
5015-10,33887,a2 transportes,6
373M-10,33049,via sudeste,5
7062-31,34682,transwolff,7
3160-10,125,ambiental transportes urbanos s.a.,4
2024-10,35029,sambaiba,2
6019-10,34258,viacao metropole,7
8319-10,476,gato preto,8
4008-10,34950,express,4
6003-10,1472,viacao grajau,6
8040-10,406,santa brigida,1
574R-10,1623,transuniao,5
775P-10,507,transppass,8
8400-10,1265,santa brigida,1
2769-10,397,viacao metropole,3
2710-31,34422,allibus,4
513C-10,2535,transuniao,5
8622-10,438,santa brigida,1
407J-10,34966,express,4
637A-10,32953,viacao metropole,7
6027-10,32858,transwolff,6
637A-10,185,viacao metropole,7
3732-10,33797,pessego,4
2088-10,372,viacao metropole,3
4716-10,33874,movebuss,5
2731-10,946,upbus s.a.,3
4210-10,2170,viacao metropole,3
4310-10,34928,viacao metropole,3
4732-31,2127,via sudeste,5
8012-10,2023,gato preto,8
6505-10,34218,campo belo,7
4028-10,33866,movebuss,5
8252-10,1248,transppass,8
8075-21,35305,transppass,8
297A-10,34901,sambaiba,2
5757-10,1288,a2 transportes,6
1759-10,33321,sambaiba,2
9188-10,809,norte buss s.a.,1
5032-10,1662,movebuss,5
4031-10,33869,movebuss,5
3785-10,33831,pessego,4
4093-10,35216,upbus s.a.,3
5144-10,1627,via sudeste,5
695Y-10,33966,viacao grajau,6
4735-10,1110,movebuss,5
233C-10,155,viacao metropole,3
9162-10,34133,gato preto,1
4051-10,2144,transuniao,3
1738-10,33440,norte buss s.a.,2
875C-10,35278,transppass,8
6258-31,1783,transwolff,7
6012-31,34544,transwolff,7
3738-10,1038,pessego,4
6051-10,33911,transwolff,6
8060-10,33186,santa brigida,1
172K-10,33625,spencer,2
5632-10,81,viacao grajau,6
5630-10,78,viacao grajau,6
273X-10,392,viacao metropole,3
6062-10,33919,transwolff,6
4016-10,2189,express,4
6L10-10,1159,transwolff,6
6038-10,1216,transwolff,7
709M-10,2462,gatusa,7
9020-10,34202,norte buss s.a.,1
5024-31,1123,a2 transportes,6
5103-10,34414,via sudeste,5
174M-10,33441,sambaiba,2
6043-10,33988,transwolff,7
958P-10,465,santa brigida,1
6099-10,1587,transwolff,6
273D-10,32990,viacao metropole,3
4313-10,2173,viacao metropole,3
6812-10,34010,transwolff,7
5143-10,34396,via sudeste,5
8010-10,33566,norte buss s.a.,1
407P-10,34968,express,4
342C-10,33770,pessego,4
6812-10,1242,transwolff,7
172R-10,33627,norte buss s.a.,2
3301-10,34386,viacao metropole,3
2021-10,33674,transuniao,3
1024-10,35070,spencer,1
6913-10,34233,viacao grajau,6
2017-10,33671,upbus s.a.,3
2101-10,33482,ambiental transportes urbanos s.a.,4
3791-10,1069,allibus,4
4732-10,302,via sudeste,5
3024-10,277,via sudeste,5
709G-10,2020,gatusa,7
4011-10,2184,express,4
707K-10,2503,kbpx,7
9011-21,1768,norte buss s.a.,1
5038-10,34429,via sudeste,5
1732-10,33439,sambaiba,2
3098-10,1078,movebuss,5
1785-10,1816,norte buss s.a.,2
817C-10,1337,gato preto,8
607A-10,34907,a2 transportes,6
975A-10,33357,santa brigida,1
5038-10,1661,via sudeste,5
1771-10,634,sambaiba,2
3746-10,283,via sudeste,5
4053-10,2146,transuniao,3
9050-10,34856,gato preto,8
2104-10,2255,sambaiba,2
8615-10,34107,gato preto,8
1021-10,833,norte buss s.a.,1
1767-10,628,sambaiba,2
746H-10,785,alfa rodobus,8
9012-10,34036,santa brigida,1
807A-10,34668,campo belo,7
746K-10,33555,transcap,8
8003-10,1253,santa brigida,1
129F-10,35072,santa brigida,1
478P-10,349,via sudeste,5
8009-31,1260,santa brigida,1
6455-10,32831,campo belo,7
2023-10,35028,sambaiba,2
6000-10,33908,mobibrasil,6
119C-10,661,sambaiba,2
6821-10,21,campo belo,7
1026-10,35074,spencer,1
4033-10,33871,movebuss,5
4004-10,2178,express,4
5110-10,2209,via sudeste,5
8610-10,2063,transppass,8
908T-10,34884,viacao metropole,3
1701-10,33613,norte buss s.a.,2
8038-10,797,alfa rodobus,8
172Y-10,862,norte buss s.a.,2
2203-10,911,upbus s.a.,3
7022-10,34852,viacao metropole,7
809A-10,34837,transppass,8
6L10-41,2005,transwolff,6
514T-10,1671,movebuss,5
7053-22,1896,transwolff,7
8065-10,421,santa brigida,1
576C-10,1290,mobibrasil,6
5759-10,33906,a2 transportes,6
2720-10,933,allibus,4
847J-10,1342,santa brigida,1
5752-10,34055,a2 transportes,6
775V-10,33243,transppass,8
4002-10,2177,viacao metropole,3
5145-10,1641,via sudeste,5
577T-10,1291,mobibrasil,6
7009-10,1951,transwolff,7
7012-10,2043,transwolff,7
637G-10,32869,viacao grajau,6
8013-10,33568,norte buss s.a.,1
2711-10,33693,allibus,4
6475-10,1317,kbpx,7
7011-31,1954,transwolff,7
3004-10,1798,viacao metropole,3
9300-10,32884,sambaiba,2
128Y-10,843,norte buss s.a.,2
374M-10,1965,viacao metropole,3
9191-10,810,norte buss s.a.,1
847P-42,1424,santa brigida,1
271A-51,703,sambaiba,2
709A-10,34860,viacao metropole,7
3010-10,35311,transuniao,3
6073-10,1160,transwolff,6
6012-10,33972,transwolff,7
675I-10,68,campo belo,7
6075-10,33930,transwolff,6
2451-10,32981,viacao metropole,3
8686-10,446,santa brigida,1
2080-10,371,viacao metropole,3
527R-10,33039,a2 transportes,6
7545-10,504,transppass,8
8400-10,34033,santa brigida,1
5033-10,34433,via sudeste,5
4013-10,2186,express,4
7053-10,1887,transwolff,7
5030-10,1669,via sudeste,5
5024-10,1122,a2 transportes,6
2018-10,33672,upbus s.a.,3
4716-10,1106,movebuss,5
1760-10,33325,sambaiba,2
857P-10,34694,campo belo,7
9090-10,33652,norte buss s.a.,1
8544-10,33198,santa brigida,1
5175-10,593,mobibrasil,6
6092-10,1177,transwolff,6
938C-10,33354,santa brigida,1
702C-10,485,transppass,8
2724-10,938,allibus,4
1788-10,653,sambaiba,2
2703-10,915,transuniao,3
7011-10,34720,transwolff,7
573H-10,1630,movebuss,5
3902-10,1470,viacao metropole,3
6069-10,1154,transwolff,6
609J-10,35010,mobibrasil,6
971T-10,618,sambaiba,2
8012-10,34791,gato preto,8
2718-10,33699,allibus,4
857R-10,34660,transppass,8
6358-10,1294,mobibrasil,6
637P-10,47,gatusa,7
4718-10,336,via sudeste,5
971V-10,33387,sambaiba,2
233A-10,33017,viacao metropole,3
178Y-10,33636,norte buss s.a.,2
9018-10,34039,norte buss s.a.,1
1756-10,547,sambaiba,2
2702-10,33682,transuniao,3
373M-10,281,via sudeste,5
3737-10,1037,allibus,4
1722-10,864,norte buss s.a.,2
6019-10,1490,viacao metropole,7
675K-10,198,viacao metropole,7
748A-41,33267,transppass,8
364A-10,1246,movebuss,5
273N-10,33158,viacao metropole,3
6813-10,33,campo belo,7
4086-10,35018,pessego,4
938P-10,33656,norte buss s.a.,1
6258-31,34551,transwolff,7
5026-10,1635,via sudeste,5
6013-10,186,viacao metropole,7
271M-10,33452,sambaiba,2
6061-10,33918,transwolff,6
106A-10,516,sambaiba,2
4729-10,33876,movebuss,5
3731-10,1028,allibus,4
2029-10,2270,sambaiba,2
6031-10,92,transwolff,6
8009-10,1259,santa brigida,1
3732-10,1029,pessego,4
6027-10,90,transwolff,6
2709-31,33691,allibus,4
4310-10,2160,viacao metropole,3
6822-10,32790,campo belo,7
6505-10,1450,campo belo,7
967A-10,33336,sambaiba,2
7053-21,1895,transwolff,7
5614-10,1515,mobibrasil,6
7267-10,1427,gato preto,8
6014-10,32956,viacao metropole,7
978L-10,466,santa brigida,1
3762-10,33821,allibus,4
695X-22,34389,viacao grajau,6
4284-10,33057,via sudeste,5
148L-10,33299,sambaiba,2
6801-10,32773,campo belo,7
4018-10,2191,express,4
978T-10,889,norte buss s.a.,1
1765-10,34550,sambaiba,2
3785-10,1063,pessego,4
6062-51,1739,transwolff,6
273L-10,224,viacao metropole,3
5034-31,34432,via sudeste,5
7550-10,2093,gatusa,7
771P-10,506,transppass,8
8017-10,34029,norte buss s.a.,1
6002-10,34747,transwolff,6
3003-10,1797,viacao metropole,3
273J-10,389,viacao metropole,3
8022-10,34853,gato preto,8
3099-10,1079,movebuss,5
6035-21,1795,transwolff,7
5194-10,269,mobibrasil,6
8013-41,2011,norte buss s.a.,1
6051-10,1143,transwolff,6
675P-10,275,mobibrasil,6
1720-10,863,norte buss s.a.,2
3763-10,1054,allibus,4
978A-10,34137,gato preto,1
5128-10,33896,a2 transportes,6
4017-10,2190,express,4
9653-10,33356,santa brigida,1
6045-21,2164,transwolff,7
7004-21,35351,viacao metropole,7
139A-10,35219,norte buss s.a.,1
809L-10,34717,transcap,8
745M-10,782,transcap,8
509M-10,34045,mobibrasil,6
5290-10,33365,mobibrasil,6
875H-10,34108,gato preto,8
476L-10,262,mobibrasil,6
273D-10,222,viacao metropole,3
2032-10,2266,sambaiba,2
8021-10,34841,transppass,8
1701-21,2476,norte buss s.a.,2
5391-10,32939,viacao metropole,7
3736-10,33804,pessego,4
6056-10,33915,transwolff,6
342M-10,747,ambiental s.a.,4
2734-10,34528,upbus s.a.,3
978J-10,591,santa brigida,1
2719-10,33700,allibus,4
3139-10,33763,ambiental transportes urbanos s.a.,4
6115-10,33953,transwolff,6
3006-10,34633,transuniao,3
748A-10,498,transppass,8
5119-23,2125,campo belo,7
9019-10,34201,norte buss s.a.,1
5164-21,1616,mobibrasil,6
2101-10,714,ambiental transportes urbanos s.a.,4
3141-10,734,via sudeste,5
2060-10,134,viacao metropole,3
9051-10,34857,gato preto,8
775A-10,473,transppass,8
5013-10,33885,a2 transportes,6
6L08-10,1182,transwolff,6
607A-10,2139,a2 transportes,6
517J-10,33897,a2 transportes,6
627J-10,2056,a2 transportes,6
7245-10,33131,gatusa,7
6835-10,32780,campo belo,7
3026-10,33730,transuniao,3
2019-10,33673,upbus s.a.,3
8700-10,35276,transppass,8
6052-10,1144,transwolff,6
809N-10,2244,transppass,8
637A-26,34525,viacao metropole,7
3031-10,967,pessego,4
807A-10,1900,campo belo,7
8075-21,2537,transppass,8
211L-10,35033,sambaiba,2
6805-31,34556,campo belo,7
9300-10,116,sambaiba,2
2732-10,33715,allibus,4
6818-10,28,campo belo,7
6050-10,1225,transwolff,6
874C-10,33245,gato preto,8
7012-10,34811,transwolff,7
8073-10,2081,transcap,8
3722-10,1020,pessego,4
9301-10,33226,santa brigida,1
6L07-10,1545,transwolff,6
7060-10,34657,campo belo,7
477U-10,33074,via sudeste,5
2740-10,34560,sambaiba,2
4725-10,33106,via sudeste,5
9701-10,569,sambaiba,2
3033-10,33736,transuniao,3
2590-10,33680,transuniao,5
6403-10,32826,campo belo,7
209P-10,34984,sambaiba,2
909T-10,2256,gato preto,8
6L02-10,33946,transwolff,6
6055-10,33914,transwolff,6
3112-10,1080,movebuss,5
809D-10,2068,transppass,8
7021-10,34757,viacao metropole,7
8705-10,34840,transppass,8
172J-10,33624,norte buss s.a.,2
6052-31,1832,transwolff,6
2726-10,940,upbus s.a.,3
312N-10,990,express,4
5111-10,48,campo belo,7
175T-10,33391,sambaiba,2
6970-10,34273,viacao grajau,6
7016-10,34886,viacao metropole,7
6091-10,1175,viacao grajau,6
6338-10,34061,mobibrasil,6
3789-10,1067,pessego,4
2717-10,930,allibus,4
4115-10,322,via sudeste,5
5143-10,1628,via sudeste,5
775N-10,33242,transppass,8
6450-10,59,campo belo,7
314V-10,33079,via sudeste,5
5129-10,34049,mobibrasil,6
1024-10,2302,spencer,1
3738-10,33806,pessego,4
5107-10,34427,via sudeste,5
8008-10,1258,santa brigida,1
546J-31,34783,a2 transportes,6
574W-10,34397,movebuss,5
5106-31,34073,mobibrasil,6
6059-10,1226,transwolff,7
607M-10,2036,viacao grajau,6
637R-10,32964,viacao metropole,7
7059-10,34692,campo belo,7
6016-41,34474,transwolff,6
2008-10,897,transuniao,3
4315-10,2175,viacao metropole,3
6015-10,1205,transwolff,7
6960-10,1443,viacao grajau,6
3390-10,33506,via sudeste,5
3414-10,746,ambiental transportes urbanos s.a.,4
6046-10,1223,transwolff,7
8050-10,33180,santa brigida,1
6063-10,1152,transwolff,6
2727-10,942,allibus,4
874T-10,33075,via sudeste,5
846M-10,33190,santa brigida,1
2714-10,33695,allibus,4
2006-10,895,transuniao,3
8549-10,580,santa brigida,1
2017-10,903,upbus s.a.,3
5317-10,32837,viacao grajau,6
4005-10,34947,express,4
857P-10,1926,campo belo,7
208V-10,207,viacao metropole,3
3729-10,1026,allibus,4
8007-10,1257,santa brigida,1
6072-23,2004,transwolff,6
546L-10,34053,mobibrasil,6
524L-10,1715,movebuss,5
4724-10,34828,allibus,4
5705-10,1657,via sudeste,5
2007-10,896,transuniao,3
971R-42,33384,sambaiba,2
2201-10,909,transuniao,3
2718-10,931,allibus,4
7903-10,512,transppass,8
3773-10,1059,pessego,4
3903-10,34239,viacao metropole,3
6076-10,33933,transwolff,6
971V-10,619,sambaiba,2
2767-10,241,viacao metropole,3
807P-10,2099,transcap,8
273V-10,32999,viacao metropole,3
4018-10,34959,express,4
2715-10,33696,allibus,4
847P-10,423,santa brigida,1
9014-10,34193,gato preto,1
1701-10,845,norte buss s.a.,2
390E-10,34650,viacao metropole,3
1741-10,539,sambaiba,2
7550-10,34861,gatusa,7
475M-10,33111,via sudeste,5
8200-10,34031,santa brigida,1
2772-10,33166,viacao metropole,3
1709-10,851,norte buss s.a.,2
5759-10,1138,a2 transportes,6
189L-10,2450,santa brigida,1
6017-10,33974,transwolff,7
648P-10,32834,campo belo,7
746V-10,33560,transcap,8
4086-10,2250,pessego,4
775V-10,475,transppass,8
695D-10,114,transwolff,6
2059-10,260,viacao metropole,3
809L-10,1949,transcap,8
1742-10,542,sambaiba,2
4314-10,34942,viacao metropole,3
2770-10,33011,viacao metropole,3
4010-10,34951,express,4
2123-10,692,sambaiba,2
3718-10,1013,pessego,4
675P-10,33043,mobibrasil,6
9717-10,33585,norte buss s.a.,1
4221-10,33093,via sudeste,5
4709-10,333,via sudeste,5
5702-10,1137,a2 transportes,6
5142-10,1626,via sudeste,5
8027-10,34930,transppass,8
6825-10,14,campo belo,7
637G-10,101,viacao grajau,6
513C-31,35304,transuniao,5
5091-10,34291,mobibrasil,6
6084-10,33937,transwolff,6
3206-10,34880,viacao metropole,3
3787-10,1612,pessego,4
6822-10,22,campo belo,7
4020-10,2530,pessego,4
1177-10,129,viacao metropole,3
2026-10,35037,sambaiba,2
709A-10,2092,viacao metropole,7
3063-10,33021,viacao metropole,3
5034-10,1663,via sudeste,5
675G-10,32874,viacao grajau,6
6012-10,1204,transwolff,7
4284-10,289,via sudeste,5
1765-10,1782,sambaiba,2
576C-10,34058,mobibrasil,6
637V-10,104,transwolff,6
6071-10,1156,transwolff,6
2522-10,32908,viacao metropole,3
2552-10,32910,viacao metropole,3
8019-10,34839,transppass,8
2735-10,34689,allibus,4
573A-10,34405,transuniao,5
3735-10,1035,pessego,4
425E-10,1636,via sudeste,5
6006-10,175,viacao metropole,7
9090-10,884,norte buss s.a.,1
8677-10,33211,santa brigida,1
6039-10,1217,transwolff,7
4015-10,34956,express,4
373L-10,33795,pessego,4
6475-10,34085,kbpx,7
978A-10,1369,gato preto,1
5128-10,1128,a2 transportes,6
524M-10,34399,movebuss,5
701U-10,33425,sambaiba,2
6049-10,34077,kbpx,7
2451-10,213,viacao metropole,3
7062-31,1914,transwolff,7
5178-10,33363,mobibrasil,6
6041-21,34517,transwolff,7
5290-10,597,mobibrasil,6
5018-10,1492,a2 transportes,6
6818-10,32796,campo belo,7
5178-10,595,mobibrasil,6
3751-10,1047,pessego,4
3064-10,980,transuniao,3
2058-10,259,viacao metropole,3
2702-21,34294,transuniao,3
805L-10,124,viacao metropole,3
4030-10,33868,movebuss,5
178A-10,33326,sambaiba,2
7017-10,35270,transwolff,7
6115-10,1185,transwolff,6
7001-10,34490,viacao metropole,7
948A-10,34191,santa brigida,1
5701-10,1136,a2 transportes,6
8000-10,35274,santa brigida,1
6258-10,1232,transwolff,7
307C-10,34882,viacao metropole,3
2733-10,948,allibus,4
807J-10,34826,transcap,8
407M-10,33086,via sudeste,5
8029-10,35308,transcap,8
2582-10,374,viacao metropole,3
272N-10,705,sambaiba,2
8500-10,34035,santa brigida,1
857A-10,34693,kbpx,7
513L-10,34423,via sudeste,5
5018-31,1861,a2 transportes,6
517J-10,1129,a2 transportes,6
9166-10,707,sambaiba,2
8078-10,34848,transcap,8
6042-21,34543,transwolff,7
2551-10,32909,viacao metropole,3
2019-10,905,upbus s.a.,3
736I-10,33549,alfa rodobus,8
6816-10,26,campo belo,7
2720-31,34610,allibus,4
6805-31,1788,campo belo,7
715M-10,490,transppass,8
695X-22,1621,viacao grajau,6
6041-10,33986,transwolff,7
513C-10,35303,transuniao,5
2769-10,33165,viacao metropole,3
6500-10,32814,campo belo,7
4111-10,320,via sudeste,5
874C-10,477,gato preto,8
546J-10,1133,a2 transportes,6
6053-10,33913,transwolff,6
8015-10,34113,spencer,1
6816-31,1748,campo belo,7
1743-10,543,sambaiba,2
6026-10,87,transwolff,6
1015-10,34998,norte buss s.a.,1
476G-41,33880,transuniao,5
477P-10,348,via sudeste,5
3015-10,35222,viacao metropole,3
6L05-10,1173,transwolff,6
9032-10,33648,norte buss s.a.,1
407I-10,34990,express,4
4732-31,34895,via sudeste,5
8072-10,34847,transcap,8
5103-10,1646,via sudeste,5
5164-41,1617,mobibrasil,6
807M-10,34684,transcap,8
2708-10,921,transuniao,3
174M-10,673,sambaiba,2
5123-10,33893,a2 transportes,6
273R-10,226,viacao metropole,3
273G-10,223,viacao metropole,3
519M-10,2211,via sudeste,5
199D-10,34903,santa brigida,1
2721-10,33702,allibus,4
342C-10,1002,pessego,4
2127-10,33461,sambaiba,2
856R-10,34196,gato preto,8
172R-10,859,norte buss s.a.,2
2005-10,893,transuniao,3
2004-10,892,transuniao,3
978L-10,33234,santa brigida,1
6021-10,32945,transwolff,6
669A-10,4,kbpx,7
5012-10,33884,a2 transportes,6
3462-10,33015,viacao metropole,3
857C-10,1901,kbpx,7
2290-10,718,ambiental s.a.,4
6837-10,32774,transcap,8
8019-31,35342,transppass,8
775N-10,474,transppass,8
3006-10,1865,transuniao,3
3773-10,33827,pessego,4
1722-10,33632,norte buss s.a.,2
4024-10,2158,express,4
1019-10,35263,santa brigida,1
647P-10,34084,kbpx,7
352A-10,164,viacao metropole,3
5757-51,34744,a2 transportes,6
9354-10,33476,sambaiba,2
3754-10,33817,transuniao,3
8615-10,1339,gato preto,8
1018-10,33600,norte buss s.a.,2
3020-10,33726,pessego,4
5106-31,1305,mobibrasil,6
847P-10,33191,santa brigida,1
7002-10,772,alfa rodobus,8
877T-10,34149,gato preto,8
6022-10,1207,transwolff,7
695X-10,34209,viacao grajau,6
6805-10,31,campo belo,7
8605-10,34685,kbpx,7
6826-10,16,campo belo,7
2010-10,2104,sambaiba,2
3013-10,33722,pessego,4
3728-10,1025,pessego,4
7282-10,471,gato preto,8
129F-10,2304,santa brigida,1
8700-10,2508,gato preto,8
9784-10,33595,spencer,1
5300-10,354,gatusa,7
414P-10,1105,movebuss,5
5106-10,34048,mobibrasil,6
5127-10,33895,a2 transportes,6
3791-10,33837,allibus,4
6028-10,1211,transwolff,7
2732-10,947,allibus,4
3539-10,748,express,4
271A-51,33471,sambaiba,2
7063-10,1899,transwolff,7
707K-10,35271,kbpx,7
3768-10,1056,transuniao,3
971A-10,33426,sambaiba,2
2713-10,220,viacao metropole,3
9301-10,458,santa brigida,1
8016-10,34114,spencer,1
4742-10,342,via sudeste,5
2079-10,370,viacao metropole,3
546L-10,1285,mobibrasil,6
2104-10,35023,sambaiba,2
1025-10,2303,spencer,1
3033-10,968,transuniao,3
1767-10,33396,sambaiba,2
3778-10,1062,allibus,4
8050-31,33183,santa brigida,1
746P-10,33556,transcap,8
6726-10,33961,transwolff,6
5791-10,33375,mobibrasil,6
1786-10,649,norte buss s.a.,2
6055-10,1146,transwolff,6
2013-10,899,spencer,2
3742-10,33810,pessego,4
2722-31,936,allibus,4
2715-10,928,allibus,4
4114-10,33089,via sudeste,5
938V-10,33581,norte buss s.a.,1
8003-10,34021,santa brigida,1
475M-10,343,via sudeste,5
9008-10,33643,norte buss s.a.,1
172U-10,33628,spencer,2
573H-10,34398,movebuss,5
6072-10,34356,transwolff,6
3054-10,33743,pessego,4
6970-10,1505,viacao grajau,6
6010-10,1202,transwolff,7
6338-10,1293,mobibrasil,6
314J-10,33078,via sudeste,5
6913-21,1549,viacao grajau,6
311C-10,33077,via sudeste,5
